account_id,label,scenario
user_0000,1,blast_spam
user_0001,1,friend_scam
user_0002,0,regular
user_0003,0,regular
user_0004,1,friend_scam
user_0005,1,friend_scam
user_0006,1,friend_scam
user_0007,1,slow_low
user_0008,0,regular
user_0009,0,broadcaster
user_0010,0,networker
user_0011,1,slow_low
user_0012,1,blast_spam
user_0013,0,regular
user_0014,0,broadcaster
user_0015,0,networker
user_0016,0,regular
user_0017,0,regular
user_0018,0,regular
user_0019,0,regular
user_0020,1,friend_scam
user_0021,0,regular
user_0022,0,regular
user_0023,0,regular
user_0024,1,slow_low
user_0025,0,regular
user_0026,0,regular
user_0027,1,slow_low
user_0028,0,regular
user_0029,0,regular
user_0030,0,regular
user_0031,0,regular
user_0032,1,slow_low
user_0033,0,regular
user_0034,0,broadcaster
user_0035,0,regular
user_0036,0,regular
user_0037,0,regular
user_0038,0,regular
user_0039,0,regular
user_0040,0,networker
user_0041,0,regular
user_0042,1,blast_spam
user_0043,0,networker
user_0044,0,regular
user_0045,0,regular
user_0046,0,networker
user_0047,0,regular
user_0048,0,regular
user_0049,0,regular
user_0050,0,regular
user_0051,0,regular
user_0052,1,slow_low
user_0053,0,regular
user_0054,0,regular
user_0055,0,regular
user_0056,0,regular
user_0057,0,networker
user_0058,0,regular
user_0059,1,friend_scam
user_0060,0,regular
user_0061,0,networker
user_0062,0,regular
user_0063,1,friend_scam
user_0064,0,broadcaster
user_0065,0,regular
user_0066,0,regular
user_0067,1,blast_spam
user_0068,1,blast_spam
user_0069,1,blast_spam
user_0070,0,regular
user_0071,1,blast_spam
user_0072,0,regular
user_0073,0,broadcaster
user_0074,1,slow_low
user_0075,0,regular
user_0076,0,broadcaster
user_0077,0,regular
user_0078,0,regular
user_0079,0,regular
user_0080,0,broadcaster
user_0081,1,slow_low
user_0082,0,regular
user_0083,1,blast_spam
user_0084,1,friend_scam
user_0085,0,regular
user_0086,1,slow_low
user_0087,0,networker
user_0088,1,blast_spam
user_0089,0,regular
user_0090,0,regular
user_0091,1,friend_scam
user_0092,0,regular
user_0093,0,networker
user_0094,0,regular
user_0095,1,slow_low
user_0096,1,friend_scam
user_0097,1,slow_low
user_0098,0,regular
user_0099,0,regular
user_0100,0,broadcaster
user_0101,0,regular
user_0102,0,broadcaster
user_0103,1,friend_scam
user_0104,0,regular
user_0105,1,friend_scam
user_0106,1,blast_spam
user_0107,1,blast_spam
user_0108,0,regular
user_0109,0,regular
user_0110,0,regular
user_0111,1,slow_low
user_0112,0,regular
user_0113,0,regular
user_0114,0,regular
user_0115,0,networker
user_0116,0,broadcaster
user_0117,0,regular
user_0118,0,broadcaster
user_0119,0,regular
user_0120,0,regular
user_0121,1,blast_spam
user_0122,1,friend_scam
user_0123,1,slow_low
user_0124,0,regular
user_0125,0,regular
user_0126,0,regular
user_0127,1,friend_scam
user_0128,0,broadcaster
user_0129,0,regular
user_0130,0,regular
user_0131,1,slow_low
user_0132,1,blast_spam
user_0133,0,regular
user_0134,0,broadcaster
user_0135,0,regular
user_0136,0,networker
user_0137,1,blast_spam
user_0138,0,regular
user_0139,0,regular
user_0140,0,regular
user_0141,0,regular
user_0142,0,regular
user_0143,0,regular
user_0144,0,regular
user_0145,0,regular
user_0146,0,regular
user_0147,0,regular
user_0148,0,regular
user_0149,0,regular
user_0150,0,regular
user_0151,0,regular
user_0152,0,regular
user_0153,1,friend_scam
user_0154,0,regular
user_0155,0,regular
user_0156,1,slow_low
user_0157,0,regular
user_0158,0,regular
user_0159,0,regular
user_0160,0,regular
user_0161,0,regular
user_0162,0,regular
user_0163,1,slow_low
user_0164,0,regular
user_0165,0,regular
user_0166,0,regular
user_0167,0,regular
user_0168,0,regular
user_0169,1,slow_low
user_0170,0,networker
user_0171,1,friend_scam
user_0172,1,blast_spam
user_0173,0,regular
user_0174,0,regular
user_0175,1,slow_low
user_0176,0,regular
user_0177,1,friend_scam
user_0178,0,regular
user_0179,0,regular
user_0180,0,broadcaster
user_0181,0,regular
user_0182,1,blast_spam
user_0183,1,slow_low
user_0184,0,regular
user_0185,0,regular
user_0186,0,regular
user_0187,1,blast_spam
user_0188,0,regular
user_0189,0,regular
user_0190,0,regular
user_0191,0,networker
user_0192,0,regular
user_0193,0,broadcaster
user_0194,0,regular
user_0195,0,regular
user_0196,0,regular
user_0197,0,regular
user_0198,0,broadcaster
user_0199,0,regular
user_0200,1,friend_scam
user_0201,1,blast_spam
user_0202,0,regular
user_0203,0,regular
user_0204,0,networker
user_0205,0,regular
user_0206,1,friend_scam
user_0207,0,broadcaster
user_0208,0,regular
user_0209,0,regular
user_0210,0,regular
user_0211,0,networker
user_0212,0,broadcaster
user_0213,0,regular
user_0214,0,regular
user_0215,0,regular
user_0216,0,regular
user_0217,0,regular
user_0218,0,regular
user_0219,0,regular
user_0220,0,networker
user_0221,0,regular
user_0222,0,networker
user_0223,0,broadcaster
user_0224,0,networker
user_0225,1,blast_spam
user_0226,0,regular
user_0227,0,regular
user_0228,1,blast_spam
user_0229,0,regular
user_0230,1,friend_scam
user_0231,0,regular
user_0232,0,regular
user_0233,1,friend_scam
user_0234,0,regular
user_0235,0,regular
user_0236,0,regular
user_0237,0,regular
user_0238,0,regular
user_0239,0,broadcaster
user_0240,0,regular
user_0241,0,networker
user_0242,0,networker
user_0243,0,regular
user_0244,0,regular
user_0245,0,regular
user_0246,0,regular
user_0247,1,friend_scam
user_0248,0,regular
user_0249,0,regular
user_0250,0,regular
user_0251,0,regular
user_0252,1,blast_spam
user_0253,1,blast_spam
user_0254,0,regular
user_0255,0,broadcaster
user_0256,0,networker
user_0257,0,regular
user_0258,0,regular
user_0259,0,networker
user_0260,0,regular
user_0261,0,networker
user_0262,0,regular
user_0263,0,networker
user_0264,0,regular
user_0265,0,regular
user_0266,0,broadcaster
user_0267,1,friend_scam
user_0268,0,regular
user_0269,0,regular
user_0270,0,regular
user_0271,0,regular
user_0272,0,regular
user_0273,0,broadcaster
user_0274,1,blast_spam
user_0275,0,regular
user_0276,0,networker
user_0277,0,regular
user_0278,0,regular
user_0279,0,regular
user_0280,0,regular
user_0281,0,regular
user_0282,0,regular
user_0283,0,broadcaster
user_0284,0,regular
user_0285,0,regular
user_0286,0,regular
user_0287,0,regular
user_0288,1,slow_low
user_0289,0,networker
user_0290,0,regular
user_0291,1,blast_spam
user_0292,0,regular
user_0293,0,regular
user_0294,0,regular
user_0295,0,broadcaster
user_0296,1,blast_spam
user_0297,0,regular
user_0298,0,regular
user_0299,0,regular
user_0300,0,regular
user_0301,1,slow_low
user_0302,0,broadcaster
user_0303,0,regular
user_0304,0,regular
user_0305,0,regular
user_0306,0,regular
user_0307,0,regular
user_0308,0,regular
user_0309,0,regular
user_0310,0,broadcaster
user_0311,0,regular
user_0312,1,friend_scam
user_0313,1,friend_scam
user_0314,0,regular
user_0315,0,networker
user_0316,0,regular
user_0317,0,regular
user_0318,0,regular
user_0319,0,regular
user_0320,1,blast_spam
user_0321,1,blast_spam
user_0322,0,regular
user_0323,1,blast_spam
user_0324,0,regular
user_0325,0,regular
user_0326,0,regular
user_0327,0,regular
user_0328,1,blast_spam
user_0329,0,regular
user_0330,1,slow_low
user_0331,0,regular
user_0332,0,regular
user_0333,0,regular
user_0334,0,regular
user_0335,0,regular
user_0336,0,broadcaster
user_0337,0,regular
user_0338,0,regular
user_0339,0,regular
user_0340,0,regular
user_0341,0,regular
user_0342,1,friend_scam
user_0343,0,regular
user_0344,1,friend_scam
user_0345,0,regular
user_0346,0,regular
user_0347,1,slow_low
user_0348,1,slow_low
user_0349,1,blast_spam
user_0350,1,friend_scam
user_0351,0,regular
user_0352,0,regular
user_0353,0,regular
user_0354,1,slow_low
user_0355,0,regular
user_0356,1,friend_scam
user_0357,0,regular
user_0358,1,blast_spam
user_0359,0,networker
user_0360,0,broadcaster
user_0361,0,regular
user_0362,0,regular
user_0363,0,regular
user_0364,0,regular
user_0365,1,friend_scam
user_0366,0,regular
user_0367,0,regular
user_0368,0,networker
user_0369,0,networker
user_0370,1,slow_low
user_0371,0,regular
user_0372,0,regular
user_0373,0,regular
user_0374,0,networker
user_0375,1,friend_scam
user_0376,0,networker
user_0377,0,regular
user_0378,0,regular
user_0379,0,regular
user_0380,0,regular
user_0381,0,regular
user_0382,1,blast_spam
user_0383,0,regular
user_0384,0,regular
user_0385,0,regular
user_0386,0,networker
user_0387,0,regular
user_0388,0,regular
user_0389,0,regular
user_0390,0,regular
user_0391,0,regular
user_0392,0,regular
user_0393,0,regular
user_0394,0,regular
user_0395,0,regular
user_0396,1,slow_low
user_0397,0,regular
user_0398,0,regular
user_0399,0,networker
user_0400,1,blast_spam
user_0401,0,networker
user_0402,0,regular
user_0403,1,slow_low
user_0404,0,regular
user_0405,0,regular
user_0406,0,regular
user_0407,0,networker
user_0408,0,regular
user_0409,0,regular
user_0410,1,blast_spam
user_0411,0,regular
user_0412,0,regular
user_0413,1,slow_low
user_0414,1,friend_scam
user_0415,1,friend_scam
user_0416,0,regular
user_0417,0,regular
user_0418,0,broadcaster
user_0419,0,regular
user_0420,0,broadcaster
user_0421,0,networker
user_0422,0,regular
user_0423,0,broadcaster
user_0424,0,regular
user_0425,0,regular
user_0426,0,regular
user_0427,0,regular
user_0428,0,regular
user_0429,0,regular
user_0430,0,networker
user_0431,0,regular
user_0432,1,slow_low
user_0433,0,regular
user_0434,0,regular
user_0435,0,broadcaster
user_0436,0,networker
user_0437,0,regular
user_0438,1,blast_spam
user_0439,1,blast_spam
user_0440,0,networker
user_0441,0,regular
user_0442,0,regular
user_0443,0,regular
user_0444,0,regular
user_0445,1,friend_scam
user_0446,1,slow_low
user_0447,0,regular
user_0448,1,blast_spam
user_0449,1,friend_scam
user_0450,0,regular
user_0451,0,networker
user_0452,0,regular
user_0453,0,broadcaster
user_0454,0,regular
user_0455,0,regular
user_0456,1,blast_spam
user_0457,0,regular
user_0458,1,blast_spam
user_0459,0,networker
user_0460,0,regular
user_0461,1,blast_spam
user_0462,0,regular
user_0463,0,regular
user_0464,0,regular
user_0465,0,broadcaster
user_0466,0,regular
user_0467,0,regular
user_0468,1,slow_low
user_0469,1,friend_scam
user_0470,0,regular
user_0471,1,blast_spam
user_0472,0,regular
user_0473,0,regular
user_0474,0,regular
user_0475,0,regular
user_0476,0,regular
user_0477,0,regular
user_0478,0,regular
user_0479,0,regular
user_0480,0,regular
user_0481,0,networker
user_0482,0,regular
user_0483,0,regular
user_0484,0,regular
user_0485,0,regular
user_0486,1,blast_spam
user_0487,1,friend_scam
user_0488,0,regular
user_0489,0,regular
user_0490,1,blast_spam
user_0491,0,regular
user_0492,1,friend_scam
user_0493,0,broadcaster
user_0494,0,networker
user_0495,0,regular
user_0496,0,regular
user_0497,0,broadcaster
user_0498,1,blast_spam
user_0499,0,regular
user_0500,0,regular
user_0501,0,broadcaster
user_0502,1,friend_scam
user_0503,0,regular
user_0504,0,regular
user_0505,0,regular
user_0506,0,regular
user_0507,0,regular
user_0508,0,regular
user_0509,0,regular
user_0510,1,blast_spam
user_0511,0,regular
user_0512,0,networker
user_0513,0,regular
user_0514,0,regular
user_0515,0,networker
user_0516,0,regular
user_0517,1,friend_scam
user_0518,1,blast_spam
user_0519,0,regular
user_0520,0,regular
user_0521,0,regular
user_0522,0,regular
user_0523,1,friend_scam
user_0524,0,regular
user_0525,0,regular
user_0526,0,regular
user_0527,0,regular
user_0528,1,blast_spam
user_0529,0,regular
user_0530,1,blast_spam
user_0531,1,blast_spam
user_0532,0,regular
user_0533,0,regular
user_0534,0,regular
user_0535,0,regular
user_0536,0,networker
user_0537,0,networker
user_0538,0,regular
user_0539,1,friend_scam
user_0540,0,regular
user_0541,0,regular
user_0542,1,slow_low
user_0543,0,regular
user_0544,0,regular
user_0545,1,blast_spam
user_0546,0,networker
user_0547,1,blast_spam
user_0548,0,regular
user_0549,0,regular
user_0550,0,regular
user_0551,0,regular
user_0552,0,regular
user_0553,0,regular
user_0554,0,regular
user_0555,1,friend_scam
user_0556,0,regular
user_0557,0,regular
user_0558,0,regular
user_0559,0,regular
user_0560,1,slow_low
user_0561,0,broadcaster
user_0562,0,regular
user_0563,0,regular
user_0564,0,regular
user_0565,0,regular
user_0566,1,blast_spam
user_0567,0,regular
user_0568,1,blast_spam
user_0569,0,regular
user_0570,0,regular
user_0571,0,networker
user_0572,0,networker
user_0573,1,friend_scam
user_0574,0,regular
user_0575,1,slow_low
user_0576,1,blast_spam
user_0577,0,regular
user_0578,0,networker
user_0579,0,broadcaster
user_0580,0,regular
user_0581,0,regular
user_0582,1,friend_scam
user_0583,1,blast_spam
user_0584,1,friend_scam
user_0585,0,regular
user_0586,0,regular
user_0587,0,broadcaster
user_0588,0,regular
user_0589,0,regular
user_0590,0,regular
user_0591,0,regular
user_0592,0,regular
user_0593,0,broadcaster
user_0594,0,networker
user_0595,0,regular
user_0596,1,blast_spam
user_0597,0,networker
user_0598,0,regular
user_0599,0,networker
user_0600,0,regular
user_0601,0,regular
user_0602,1,friend_scam
user_0603,0,regular
user_0604,0,regular
user_0605,0,regular
user_0606,1,friend_scam
user_0607,0,regular
user_0608,0,regular
user_0609,0,regular
user_0610,0,broadcaster
user_0611,0,networker
user_0612,0,regular
user_0613,0,regular
user_0614,1,blast_spam
user_0615,0,networker
user_0616,0,regular
user_0617,1,slow_low
user_0618,0,regular
user_0619,0,regular
user_0620,0,regular
user_0621,0,regular
user_0622,0,regular
user_0623,0,regular
user_0624,0,regular
user_0625,0,regular
user_0626,0,regular
user_0627,0,broadcaster
user_0628,0,regular
user_0629,0,networker
user_0630,0,regular
user_0631,0,regular
user_0632,0,regular
user_0633,1,friend_scam
user_0634,0,regular
user_0635,0,regular
user_0636,0,regular
user_0637,0,regular
user_0638,0,regular
user_0639,0,broadcaster
user_0640,0,regular
user_0641,0,regular
user_0642,0,networker
user_0643,0,broadcaster
user_0644,0,broadcaster
user_0645,0,regular
user_0646,0,regular
user_0647,0,regular
user_0648,0,regular
user_0649,1,friend_scam
user_0650,0,regular
user_0651,0,regular
user_0652,1,slow_low
user_0653,0,regular
user_0654,0,regular
user_0655,0,regular
user_0656,0,regular
user_0657,0,regular
user_0658,0,networker
user_0659,0,regular
user_0660,0,broadcaster
user_0661,0,regular
user_0662,0,broadcaster
user_0663,1,friend_scam
user_0664,0,networker
user_0665,0,broadcaster
user_0666,0,regular
user_0667,0,regular
user_0668,1,friend_scam
user_0669,0,regular
user_0670,0,regular
user_0671,1,friend_scam
user_0672,0,regular
user_0673,0,broadcaster
user_0674,0,regular
user_0675,0,regular
user_0676,0,regular
user_0677,0,broadcaster
user_0678,1,friend_scam
user_0679,0,regular
user_0680,0,regular
user_0681,0,regular
user_0682,1,friend_scam
user_0683,1,blast_spam
user_0684,1,blast_spam
user_0685,0,regular
user_0686,0,regular
user_0687,1,friend_scam
user_0688,1,blast_spam
user_0689,1,blast_spam
user_0690,0,regular
user_0691,0,regular
user_0692,0,networker
user_0693,1,blast_spam
user_0694,0,regular
user_0695,0,regular
user_0696,0,regular
user_0697,0,regular
user_0698,0,regular
user_0699,1,blast_spam
user_0700,0,regular
user_0701,1,slow_low
user_0702,0,networker
user_0703,0,regular
user_0704,1,slow_low
user_0705,0,networker
user_0706,0,regular
user_0707,0,networker
user_0708,0,regular
user_0709,0,regular
user_0710,0,broadcaster
user_0711,0,regular
user_0712,0,regular
user_0713,0,regular
user_0714,0,networker
user_0715,1,friend_scam
user_0716,0,broadcaster
user_0717,1,friend_scam
user_0718,1,friend_scam
user_0719,1,blast_spam
user_0720,0,regular
user_0721,0,regular
user_0722,0,broadcaster
user_0723,0,networker
user_0724,0,broadcaster
user_0725,0,broadcaster
user_0726,0,regular
user_0727,0,regular
user_0728,0,regular
user_0729,0,regular
user_0730,1,slow_low
user_0731,0,regular
user_0732,0,regular
user_0733,0,regular
user_0734,0,regular
user_0735,0,regular
user_0736,1,slow_low
user_0737,0,regular
user_0738,0,regular
user_0739,0,regular
user_0740,0,regular
user_0741,1,slow_low
user_0742,0,regular
user_0743,0,regular
user_0744,0,regular
user_0745,0,regular
user_0746,1,slow_low
user_0747,0,regular
user_0748,1,slow_low
user_0749,0,regular
user_0750,0,regular
user_0751,0,regular
user_0752,0,regular
user_0753,0,regular
user_0754,0,networker
user_0755,0,regular
user_0756,0,regular
user_0757,0,broadcaster
user_0758,1,friend_scam
user_0759,1,blast_spam
user_0760,0,regular
user_0761,0,regular
user_0762,0,regular
user_0763,0,regular
user_0764,1,friend_scam
user_0765,0,regular
user_0766,1,slow_low
user_0767,0,regular
user_0768,0,networker
user_0769,0,regular
user_0770,0,regular
user_0771,0,regular
user_0772,0,regular
user_0773,0,regular
user_0774,0,regular
user_0775,0,regular
user_0776,1,blast_spam
user_0777,0,regular
user_0778,1,friend_scam
user_0779,0,regular
user_0780,0,regular
user_0781,0,networker
user_0782,0,regular
user_0783,1,blast_spam
user_0784,1,friend_scam
user_0785,0,regular
user_0786,0,regular
user_0787,0,regular
user_0788,0,regular
user_0789,0,regular
user_0790,0,regular
user_0791,0,regular
user_0792,0,regular
user_0793,0,regular
user_0794,1,blast_spam
user_0795,0,regular
user_0796,0,regular
user_0797,0,regular
user_0798,0,regular
user_0799,0,networker
