text,label
"URGENT: Your account has been suspended! Click http://verify-bank-login.com immediately.",1
"Dear user, update your password now to maintain access to your account.",1
"SECURITY ALERT: Unauthorized login detected. Confirm your details at http://scam-site.net.",1
"Immediate action required! Your bank account will be locked within 24 hours.",1
"Action required: Claim your reward by clicking http://free-cash-claim.com now!",1
"Hey, are we still meeting for lunch today at 12:30 PM?",0
"Please review the attached invoice for project CyberLens.",0
"Hi team, meeting notes from yesterday have been uploaded to the drive.",0
"Don't forget to submit your capstone report by Friday evening.",0
"Here is the documentation link for our new Python feature.",0
